{"cameraMode":{"drawMode":0,"name":"Shaded","section":"Shading Mode"},"sceneLighting":true,"audioPlay":false,"sceneViewState":{"showFog":true,"showMaterialUpdate":false,"showSkybox":true,"showFlares":true,"showImageEffects":true,"showParticleSystems":true},"in2DMode":false,"pivot":{"x":32.691986083984378,"y":-21.337671279907228,"z":71.52294921875},"rotation":{"x":-0.17734874784946443,"y":-0.07461769878864289,"z":0.013514683581888676,"w":-0.9812492728233337},"size":134.7101593017578,"orthographic":false}