{"cameraMode":{"drawMode":0,"name":"Shaded","section":"Shading Mode"},"sceneLighting":false,"audioPlay":false,"sceneViewState":{"showFog":true,"showMaterialUpdate":false,"showSkybox":false,"showFlares":true,"showImageEffects":true,"showParticleSystems":true},"in2DMode":false,"pivot":{"x":19.394886016845704,"y":-45.593963623046878,"z":13.66473388671875},"rotation":{"x":-0.3001808226108551,"y":-0.29477429389953616,"z":0.09814093261957169,"w":-0.9018954038619995},"size":4.041658401489258,"orthographic":false}