{"cameraMode":{"drawMode":0,"name":"Shaded","section":"Shading Mode"},"sceneLighting":true,"audioPlay":false,"sceneViewState":{"showFog":true,"showMaterialUpdate":false,"showSkybox":true,"showFlares":true,"showImageEffects":true,"showParticleSystems":true},"in2DMode":false,"pivot":{"x":-9.39341926574707,"y":-85.12041473388672,"z":30.75214385986328},"rotation":{"x":-0.4759962260723114,"y":0.13665880262851716,"z":-0.07514869421720505,"w":-0.8655157685279846},"size":193.78172302246095,"orthographic":false}